casa_artesania_id,casa_artesania_nombre,casa_artesania_adscripcion,estado_id,nom_ent,municipio_id,nom_mun,localidad_id,nom_loc,casa_artesania_calle_numero,casa_artesania_colonia,casa_artesania_cp,casa_artesania_telfono1,casa_artesania_pagina_web,email,gmaps_longitud,gmaps_latitud,link_sic,fecha_mod
222,"Casa de las Artesanías Aguascalientes","Casa de las Artesanías Aguascalientes",1,"Aguascalientes",1,"Aguascalientes",1,"Aguascalientes","Manuel M. Ponce 134","Barrio de San Marcos","20070","","","casadelasartesaniasaguascalientesnex@gmail.com; luisa_muller69@hotmail.com",0,0,"http://sic.gob.mx/ficha.php?table=casa_artesania&table_id=222","2018-06-21 02:36:42-05"
250,"Casa del Artesano","Asociación de Artesanos y Manualidades de Aguascalientes, A.C.",1,"Aguascalientes",1,"Aguascalientes",1,"Aguascalientes","Nieto 210","Centro","20000","","","enzoluraschi@yahoo.com",0,0,"http://sic.gob.mx/ficha.php?table=casa_artesania&table_id=250","2018-06-20 04:27:02-05"
34,"Casa de Artesanías del Centro de Artes y Oficios","Instituto Cultural de Aguascalientes (ICA)",1,"Aguascalientes",1,"Aguascalientes",1,"Aguascalientes","Héroe de Nacozari 601 Nte. esq. Ventura Salazar","Barrio de la Estación","20254","","","artesyoficios1979@hotmail.com",-102.28177,21.88286,"http://sic.gob.mx/ficha.php?table=casa_artesania&table_id=34","2020-03-12 08:16:43-06"
85,"Casa del Artesano Sudcaliforniano","Asociación de Artesanos Sudcalifornianos, A.C.",3,"Baja California Sur",3,"La Paz",1,"La Paz","Av. Álvaro Obregón s/n entre Nicolás Bravo y Rosales","Centro","23000","","","casartsbcs@gmail.com",0,0,"http://sic.gob.mx/ficha.php?table=casa_artesania&table_id=85","2015-02-17 11:33:23-06"
29,"Casa de Artesanías Tukulna","Gobierno del Estado de Campeche",4,"Campeche",2,"Campeche",1,"San Francisco de Campeche","Calle 10 núm. 333 entre 59 y 61","Centro","24000","","","joselem.villanueva@campeche.gob.mx",0,0,"http://sic.gob.mx/ficha.php?table=casa_artesania&table_id=29","2015-02-17 11:44:48-06"
117,"Bazar Artesanal","Gobierno del Estado de Campeche",4,"Campeche",2,"Campeche",1,"San Francisco de Campeche","Av. Pedro Saenz de Baranda s/n local L-201-223","Centro","24000","","","",0,0,"http://sic.gob.mx/ficha.php?table=casa_artesania&table_id=117","2009-07-02 14:14:57-05"
216,"Casa del Artesano de Coahuila","Secretaría de Turismo de Coahuila",5,"Coahuila de Zaragoza",30,"Saltillo",1,"Saltillo","Av. Miguel Hidalgo s/n","Centro","25000","","","brenda.vega@coahuila.gob.mx",0,0,"http://sic.gob.mx/ficha.php?table=casa_artesania&table_id=216","2015-02-11 14:46:25-06"
218,"Tienda de Artesanías Huentli","Secretaría de Fomento Económico",6,"Colima",2,"Colima",1,"Colima","Andador Constitución esq. Zaragoza ","Centro","28000","","","pgonzalezh@col.gob.mx",0,0,"http://sic.gob.mx/ficha.php?table=casa_artesania&table_id=218","2015-02-12 12:00:59-06"
54,"Tienda de Artesanías del DIF","DIF",6,"Colima",2,"Colima",1,"Colima","And. Constitución s/n esq. Zaragoza","Centro","28000","","","",0,0,"http://sic.gob.mx/ficha.php?table=casa_artesania&table_id=54","2021-08-06 09:08:49-05"
224,"Tienda Casa Chiapas Aeropuerto","Gobierno del Estado, Instituto Casa Chiapas",7,"Chiapas",27,"Chiapa de Corzo",1,"Chiapa de Corzo","Aeropuerto Internacional Ángel Albino Corzo local 3 PA","Ejido Francisco Sarabia","29000","","","aeropuertotuxt@gmail.com",0,0,"http://sic.gob.mx/ficha.php?table=casa_artesania&table_id=224","2015-02-27 09:22:01-06"
35,"Tienda Casa Chiapas Palenque","Gobierno del Estado, Instituto Casa Chiapas",7,"Chiapas",65,"Palenque",1,"Palenque","Carr. Zona Arqueológica Km. 6.5","Col. Palenque","29960","","","tiendapalenque@gmail.com",0,0,"http://sic.gob.mx/ficha.php?table=casa_artesania&table_id=35","2015-02-27 09:08:56-06"
47,"Tienda Casa Chiapas San Cristóbal de las Casas","Gobierno del Estado, Instituto Casa Chiapas",7,"Chiapas",78,"San Cristóbal de las Casas",1,"San Cristóbal de las Casas","Av. Hidalgo s/n esq. Niños Héroes Nte.","Centro","29200","","","tdasancristobal@gmail.com",-92.63805,16.73506,"http://sic.gob.mx/ficha.php?table=casa_artesania&table_id=47","2015-02-27 08:58:57-06"
118,"Tienda Marca Chiapas<br>Sucursal Tapachula","Gobierno del Estado de Chiapas/Instituto Marca Chiapas",7,"Chiapas",89,"Tapachula",1,"Tapachula de Córdova y Ordóñez","Central Oriente 18","Centro","30700","","","aguilar.tapia@hotmail.com",0,0,"http://sic.gob.mx/ficha.php?table=casa_artesania&table_id=118","2015-02-27 09:27:00-06"
108,"Tienda Casa de las Artesanías de Chiapas","Gobierno del Estado, Instituto Casa Chiapas",7,"Chiapas",101,"Tuxtla Gutiérrez",1,"Tuxtla Gutiérrez","Blvd. Belisario Domínguez 2035","Col. Xamaipak","29067","","","icasachiapas@gmail.com; tiendatuxtla@gmail.com",0,0,"http://sic.gob.mx/ficha.php?table=casa_artesania&table_id=108","2017-03-24 12:23:34-06"
49,"Museo Casa de las Artesanías","Gobierno del Estado de Chihuahua",8,"Chihuahua",9,"Bocoyna",1,"Bocoyna","Av. Ferrocarril 172","Centro","33200","","","",-107.63491,27.75323,"http://sic.gob.mx/ficha.php?table=casa_artesania&table_id=49","2020-02-04 11:02:38-06"
53,"Casa de las Artesanías del Estado de Chihuahua","Gobierno del Estado de Chihuahua/Secretaría de Economía",8,"Chihuahua",19,"Chihuahua",1,"Chihuahua","Av. Niños Héroes 1101 esq. Universidad","Centro","31000","","","casartesaniaschihuahua@hotmail.com",-106.07859,28.63844,"http://sic.gob.mx/ficha.php?table=casa_artesania&table_id=53","2015-12-03 13:27:14-06"
277,"Casa Mejicú","",9,"Ciudad de México",3,"Coyoacán",1,"Coyoacán","Calz de Tlalpan 2191 "," Col. Ciudad Jardín","04370","",""," ventastlalpan@casamejicu.com",-99.14326,19.33864,"http://sic.gob.mx/ficha.php?table=casa_artesania&table_id=277","2021-09-22 06:05:18-05"
249,"Casa de Artesanías Uriarte Talavera, Sucursal San Ángel","Arte en Talavera Casas y Uriarte, S.A. de C.V.",9,"Ciudad de México",10,"Álvaro Obregón",1,"Álvaro Obregón","Amargura 17","Col. San Ángel","01000","","","rosamaria.howe@uriartetalavera.com.mx",-99.19206,19.3455,"http://sic.gob.mx/ficha.php?table=casa_artesania&table_id=249","2017-05-12 10:48:53-05"
30,"Tienda de Artesanías del Fonart, Sucursal Patriotismo","Fondo Nacional para el Fomento de las Artesanías",9,"Ciudad de México",14,"Benito Juárez",1,"Benito Juárez","Av. Patriotismo 691","Col. Mixcoac","03910","","","tda_patriotismo@fonart.gob.mx",-99.18491,19.37987,"http://sic.gob.mx/ficha.php?table=casa_artesania&table_id=30","2017-10-17 14:27:38-05"
31,"Tienda de Artesanías del Fonart, Sucursal Palacio Nacional","Fondo Nacional para el Fomento de las Artesanías",9,"Ciudad de México",15,"Cuauhtémoc",1,"Cuauhtémoc","Plaza de la Constitución s/n Patio Principal","Centro Histórico","06067","","","tda_palacio@fonart.gob.mx",-99.13188,19.43246,"http://sic.gob.mx/ficha.php?table=casa_artesania&table_id=31","2017-10-17 19:24:25-05"
139,"Tienda de Artesanías IAIP, Sucursal Distrito Federal","Gobierno del Estado de Puebla/Instituto de Artesanías e Industrias Populares del Estado de Puebla",9,"Ciudad de México",15,"Cuauhtémoc",1,"Cuauhtémoc","Av. Chapultepec 494","Col. Roma Norte","06700","","","heimdaldf@hotmail.com",-99.17232,19.4213,"http://sic.gob.mx/ficha.php?table=casa_artesania&table_id=139","2017-11-05 15:08:13-06"
38,"Tienda de Artesanías del Fonart<br>Tienda Reforma","Fondo Nacional para el Fomento de las Artesanías",9,"Ciudad de México",15,"Cuauhtémoc",1,"Cuauhtémoc","Av. Paseo de la Reforma 116-PB ","Col. Juárez","06600","","","tda_reforma@fonart.gob.mx",-99.1565,19.43189,"http://sic.gob.mx/ficha.php?table=casa_artesania&table_id=38","2017-10-17 14:22:19-05"
204,"La Canasta. Tienda de Artes de México"," Artes de México",9,"Ciudad de México",15,"Cuauhtémoc",1,"Cuauhtémoc","Córdoba 69","Col. Roma","06700","","","servicios.clientes@artesdemexico.com",-99.15918,19.42064,"http://sic.gob.mx/ficha.php?table=casa_artesania&table_id=204","2017-10-18 12:48:06-05"
157,"Tienda del Museo de Arte Popular, Casa Matriz","Secretaría de Cultura/Gobierno de la CDMX/Asociación de Amigos del MAP",9,"Ciudad de México",15,"Cuauhtémoc",1,"Cuauhtémoc","Revillagigedo 11 esq. Independencia","Centro","06010","","","tiendadelmap@gmail.com",-99.14635,19.43373,"http://sic.gob.mx/ficha.php?table=casa_artesania&table_id=157","2017-10-27 07:24:17-05"
36,"Tienda de Artesanías del Fonart, Sucursal Juárez","Fondo Nacional para el Fomento de las Artesanías",9,"Ciudad de México",15,"Cuauhtémoc",1,"Cuauhtémoc","Av. Juárez 89","Centro","06040","","","tda_juarez @fonart.gob.mx",-99.14768,19.43543,"http://sic.gob.mx/ficha.php?table=casa_artesania&table_id=36","2017-10-18 12:12:52-05"
21,"Tienda Permanente del Museo Nacional de Antropología","Secretaría de Cultura/INAH",9,"Ciudad de México",16,"Miguel Hidalgo",1,"Miguel Hidalgo","Av. Paseo de la Reforma s/n","Col. Polanco Chapultepec","11560","","","",-99.18588,19.42581,"http://sic.gob.mx/ficha.php?table=casa_artesania&table_id=21","2017-10-17 14:20:05-05"
228,"Casa de Artesanías Uriarte Talavera, Sucursal Polanco","Arte en Talavera Casas y Uriarte, S.A. de C.V.",9,"Ciudad de México",16,"Miguel Hidalgo",1,"Miguel Hidalgo","Galileo 67-A","Col. Polanco","11550","","","polanco@uriartetalavera.com.mx ",-99.19266,19.43121,"http://sic.gob.mx/ficha.php?table=casa_artesania&table_id=228","2017-05-12 07:26:23-05"
158,"Tienda del Museo de Arte Popular, Sucursal Polanco","Secretaría de Cultura Federal, Gobierno de la Ciudad de México, Asociación de Amigos del MAP",9,"Ciudad de México",16,"Miguel Hidalgo",1,"Miguel Hidalgo","Emilio Castelar 22 esq. Temístocles","Col. Polanco Chapultepec","11560","","","tiendadelmap@gmail.com; direccion2@tiendamap.com.mx; karen.torres@tiendamap.com.mx",-99.19253,19.42916,"http://sic.gob.mx/ficha.php?table=casa_artesania&table_id=158","2018-03-21 12:14:16-06"
119,"Tienda Casa Chiapas AICM-T1","Gobierno del Estado, Instituto Casa Chiapas",9,"Ciudad de México",17,"Venustiano Carranza",1,"Venustiano Carranza","Aeropuerto Internacional de la Ciudad de México Terminal 1<br> Av. Cap. Carlos León s/n entre las Salas de Abordar 13 y 14","Col. Peñon de los Baños","15620","","","tiendaaicm@gmail.com",-99.08497,19.43422,"http://sic.gob.mx/ficha.php?table=casa_artesania&table_id=119","2015-06-03 13:59:35-05"
198,"Tienda de Artesanías del Fonart, Tienda Galerías 2 Aeropuerto Internacional de la Ciudad de México","Fondo Nacional para el Fomento de las Artesanías",9,"Ciudad de México",17,"Venustiano Carranza",1,"Venustiano Carranza","Av. Fuerza Aerea Mexicana s/n local IS-18 Sala de última espera internacional de la terminal 2 ","Col. Peñón de los Baños","15620","","","http://www.fonart.gob.mx",-99.07831,19.42379,"http://sic.gob.mx/ficha.php?table=casa_artesania&table_id=198","2020-12-08 07:27:52-06"
58,"Casa de Artesanías Tlacuhilos","Universidad Juárez del Estado de Durango",10,"Durango",5,"Durango",1,"Victoria de Durango","Int. del Kiosco, Av. 20 de noviembre s/n, frente a la Catedral","Centro Histórico","34000","","","escueladepintura@yahoo.com.mx",-104.67026,24.024,"http://sic.gob.mx/ficha.php?table=casa_artesania&table_id=58","2017-03-21 12:41:04-06"
56,"Tienda de Artesanías","DIF",11,"Guanajuato",15,"Guanajuato",1,"Guanajuato","Carr. Antigua a Marfil Km. 2.5<br>Ex-Hacienda San Gabriel de Barrera","Col. Marfil","36250","","","laralicornejo@yahoo.com.mx",0,0,"http://sic.gob.mx/ficha.php?table=casa_artesania&table_id=56","2010-06-21 14:34:12-05"
57,"Tienda de Artesanías Casa del Conde de la Valenciana","Casa Conde Valenciana, S.A. de C.V.",11,"Guanajuato",15,"Guanajuato",1,"Guanajuato","Barberos s/n","Col. Valenciana","36240","","","casacondevalenciana@hotmail.com",0,0,"http://sic.gob.mx/ficha.php?table=casa_artesania&table_id=57","2009-02-12 11:02:18-06"
199,"Artesanías Casa Museo Gene Byron","Consejo de la Casa Museo Gene Byron, A.C.",11,"Guanajuato",15,"Guanajuato",1,"Guanajuato","Real de Marfil s/n, Ex Hacienda de Santa Ana","Col. Marfil","36251","","","museogenebyron@gmail.com",0,0,"http://sic.gob.mx/ficha.php?table=casa_artesania&table_id=199","2013-03-25 20:26:28-06"
183,"Misin Cultura Núm. 62","Ayuntamiento de San Jerónimo",12,"Guerrero",14,"Benito Juárez",1,"San Jerónimo de Juárez","Plaza Galeana s/n","Centro"," 40960","","","",0,0,"http://sic.gob.mx/ficha.php?table=casa_artesania&table_id=183","2015-09-22 09:42:17-05"
187,"Arte Artesanías y Decoración Rosy","Particular",12,"Guerrero",35,"Iguala de la Independencia",1,"Iguala de la Independencia","Av. Vicente Guerrero 78 B","Centro","4000","","","centroculturaltiempoyespacio@yahoo.com",-99.53429,18.3438,"http://sic.gob.mx/ficha.php?table=casa_artesania&table_id=187","2014-07-08 11:26:44-05"
212," Lupita¨s Boutique","",12,"Guerrero",38,"Zihuatanejo de Azueta",1,"Zihuatanejo","Calle Juan Alvarez  núm.5-A","Centro","40880","","","lupita@zihuatanejo.net",-101.55674,17.63889,"http://sic.gob.mx/ficha.php?table=casa_artesania&table_id=212","2014-07-03 13:20:16-05"
182,"Arte Mexicano Nopal","",12,"Guerrero",38,"Zihuatanejo de Azueta",1,"Zihuatanejo","Av. 5 de Mayo 56","Centro","40880","","","rmonge@live.com.mx",-101.55881,17.63914,"http://sic.gob.mx/ficha.php?table=casa_artesania&table_id=182","2021-07-16 10:25:45-05"
177,"Fruity Keiko Galería y tienda","particular",12,"Guerrero",38,"Zihuatanejo de Azueta",1,"Zihuatanejo","Vicente Guerrero 5-A","Centro","40880","","","",0,0,"http://sic.gob.mx/ficha.php?table=casa_artesania&table_id=177","2014-07-03 11:57:37-05"
181,"Artesanias Sánchez","particular",12,"Guerrero",66,"Tlapa de Comonfort",1,"Tlapa de Comonfort","Morelos núm.123 B ","Centro","","","","",0,0,"http://sic.gob.mx/ficha.php?table=casa_artesania&table_id=181","2017-05-02 12:22:50-05"
59,"Tienda Artesanal ","Gobierno del Estado, Secretaría de Desarrollo Social, Fomento Artesanal",13,"Hidalgo",48,"Pachuca de Soto",1,"Pachuca de Soto","Av. Juárez s/n  esq. Vicente Segura","Col. Periodistas","42060","","","araceli.islas@live.com.mx; irmafhuitron@hotmail.com",-98.74604,20.11604,"http://sic.gob.mx/ficha.php?table=casa_artesania&table_id=59","2016-12-08 15:06:26-06"
40,"Casa de las Artesanías<br>Sucursal Ajijic","Instituto de la Artesanía Jalisciense",14,"Jalisco",30,"Chapala",2,"Ajijic","Km. 6.5, Carr. Jocotepec-Chapala ","Col. La Floresta","45920","","","rene.carrillo@artesaniasjalisco.gob.mx",0,0,"http://sic.gob.mx/ficha.php?table=casa_artesania&table_id=40","2015-02-10 11:50:22-06"
60,"Casa de las Artesanías<br>Sucursal Guadalajara","Instituto de la Artesanía Jalisciense",14,"Jalisco",39,"Guadalajara",1,"Guadalajara","Calz. González Gallo 20 ","Col. Rincón del Agua Azul","44180","","","rene.carrillo@artesaniasjalisco.gob.mx",0,0,"http://sic.gob.mx/ficha.php?table=casa_artesania&table_id=60","2015-02-10 12:07:16-06"
203,"Artesanías Finas de Teocaltiche","José Antonio Delgadillo",14,"Jalisco",91,"Teocaltiche",1,"Teocaltiche","Ramón Corona 5","Centro","47200","","","",0,0,"http://sic.gob.mx/ficha.php?table=casa_artesania&table_id=203","2014-02-21 10:37:42-06"
137,"Tienda de Artesanías IAIP<br>Sucursal Tlaquepaque","Gobierno del Estado de Puebla/Instituto de Artesanías e Industrias Populares del Estado de Puebla",14,"Jalisco",98,"San Pedro Tlaquepaque",1,"Tlaquepaque","Independencia 170","Centro","45604","","","iaip@puebla.gob.mx<br>yoyis.b@hotmail.com",0,0,"http://sic.gob.mx/ficha.php?table=casa_artesania&table_id=137","2010-03-31 08:44:02-06"
120,"Casa de las Artesanías<br>Sucursal Tlaquepaque","Instituto de la Artesanía Jalisciense",14,"Jalisco",98,"San Pedro Tlaquepaque",1,"Tlaquepaque","Independencia 237","Centro","45500","","","rene.carrillo@artesaniasjalisco.gob.mx",0,0,"http://sic.gob.mx/ficha.php?table=casa_artesania&table_id=120","2015-02-10 12:08:18-06"
33,"Casa de los Artesanos de Tonalá","Ayuntamiento de Tonalá",14,"Jalisco",101,"Tonalá",1,"Tonalá","Av. Rio Nilo 8096","Col. Loma Dorada","45400","","","casadeartesanias@gmail.com",0,0,"http://sic.gob.mx/ficha.php?table=casa_artesania&table_id=33","2010-03-31 08:50:38-06"
162,"Casa de Artesanías de Acambay","Ayuntamiento de Cambay",15,"México",1,"Acambay de Ruíz Castañeda",41,"San Ildefonso (San Ildefonso Yolotepec)","Camino a San Indelfonso Yolotepec","Carr. Panamericana","50300","","","difeducacion_acambay@live.com.mx",0,0,"http://sic.gob.mx/ficha.php?table=casa_artesania&table_id=162","2021-08-09 08:52:22-05"
175,"Casa de Artesanías de Huxquilucan","Gobierno del Estado de México/Instituto de Investigacíon y Fomento de las Artesanías del Estado de México",15,"México",37,"Huixquilucan",1,"Huixquilucan de Degollado","Centro Comercial Interlomas<br>Av. Magnocentro 5, sub-ancla 17","San Fernando la Herradura","52563","","","artesanias@edomex.gob.mx",0,0,"http://sic.gob.mx/ficha.php?table=casa_artesania&table_id=175","2010-03-17 14:50:05-06"
167,"Casa de Artesanías Santa María Rayón","H. Ayuntamiento de Rayón",15,"México",72,"Rayón",1,"Santa María Rayón","Carretera Toluca-Tenango kilómetro 175","Carretera Toluca-Tenango kilómetro 175","50640","","","",0,0,"http://sic.gob.mx/ficha.php?table=casa_artesania&table_id=167","2010-03-22 13:22:41-06"
37,"Casa de Artesanías","Secretaría de Turismo y Desarrollo Artesanal/Instituto de Investigación y Fomento de las Artesanías del Estado de México",15,"México",106,"Toluca",1,"Toluca de Lerdo","Tollocan 77 esq. Urawa","Col. Ipiem","50150","","","artesanias@mail.edomex.gob.mx",0,0,"http://sic.gob.mx/ficha.php?table=casa_artesania&table_id=37","2009-02-12 10:36:45-06"
173,"Casa de Artesanías del Aeropuerto Internacional del Estado de Toluca","Gobierno del Estado de México/Instituto de Investigacíon y Fomento de las Artesanías del Estado de México",15,"México",106,"Toluca",1,"Toluca de Lerdo","Int. del Aeropuerto Internacional del Estado de Toluca frente a llegadas Nacionales","Col. San Pedro Totoltepec","50155","","","artesanías@edomes.gob.mx",0,0,"http://sic.gob.mx/ficha.php?table=casa_artesania&table_id=173","2020-12-08 07:28:45-06"
168,"Tienda Casart Toluca","Instituto de Investigación y Fomento de las Artesanías del Estado de México (IIFAEM)",15,"México",106,"Toluca",1,"Toluca de Lerdo","Paseo Tollocan 700 ","Col. Izcalli IPIEM","50150","","","dgiifaem@edomex.gob.mx",-99.66196,19.27336,"http://sic.gob.mx/ficha.php?table=casa_artesania&table_id=168","2021-09-24 11:39:48-05"
172,"Casa de Artesanías de Toluca","Gobierno del Estado de México/Instituto de Investigacíon y Fomento de las Artesanías del Estado de México",15,"México",106,"Toluca",1,"Toluca de Lerdo","Paseo Tollocan 700 Oriente","Col. Izcalli IPIEM","50150","","","artesanias@edomex.gob.mx",-99.63709,19.28366,"http://sic.gob.mx/ficha.php?table=casa_artesania&table_id=172","2010-03-17 14:54:12-06"
169,"Parián de Artesanías","Dir. Gral. de Des. Económico y Regulacion Del Comercio  del H. Ayunt. de Toluca",15,"México",106,"Toluca",1,"Toluca de Lerdo","Plaza Fray andrés de Castro, edificio B planta baja, local número 12","Centro","","","","jalilan04@hotmail.com",0,0,"http://sic.gob.mx/ficha.php?table=casa_artesania&table_id=169","2010-03-22 14:55:14-06"
170,"Centro Artesanal Toluca","Particular",15,"México",106,"Toluca",1,"Toluca de Lerdo","Independecia, número 502","Centro","","","","anarebminiart@live.com.mx",0,0,"http://sic.gob.mx/ficha.php?table=casa_artesania&table_id=170","2010-03-22 14:57:21-06"
32,"Tienda Casart Valle de Bravo","Secretaría de Turismo y Desarrollo Artesanal/Instituto de Investigación y Fomento de las Artesanías del Estado de México",15,"México",110,"Valle de Bravo",1,"Valle de Bravo","Int. Centro Regional de Cultura Joaquín Arcadio Pagaza, Fray Gregorio Jiménez de la Cuenca s/n","Barrio Santa María Ahuacatlán","51200","","","",0,0,"http://sic.gob.mx/ficha.php?table=casa_artesania&table_id=32","2017-03-27 12:50:30-06"
174,"Casa de Artesanías de Valle de Bravo","Gobierno del Estado de México/Instituto de Investigacíon y Fomento de las Artesanías del Estado de México",15,"México",110,"Valle de Bravo",109,"Tres Puentes","Fray Gregorio Jiménez de la Cuenca s/n","Col. Santa María Ahuacatlán","52560","","","artesanias@edomex.gob.mx",0,0,"http://sic.gob.mx/ficha.php?table=casa_artesania&table_id=174","2021-08-02 07:15:45-05"
171,"Casa Artesanal Artesanos de Zumpahuacan","H. Ayuntamiento de Zumpahuacan",15,"México",119,"Zumpahuacán",1,"Zumpahuacán","Benito Juárez, número 1","Barrio La Cabecera","","","","garcia.1984@hotmail.com",0,0,"http://sic.gob.mx/ficha.php?table=casa_artesania&table_id=171","2010-03-22 15:44:56-06"
165,"Casa de la Cultura de Angamacutiro","Ayuntamiento de Angamacutiro",16,"Michoacán de Ocampo",4,"Angamacutiro",1,"Angamacutiro de la Unión","Prolog. Aldama 44 ","Col. Morelos","58550 ","","","",0,0,"http://sic.gob.mx/ficha.php?table=casa_artesania&table_id=165","2014-02-17 11:27:18-06"
7,"Casa de las Artesanías del Estado de Michoacán","Gobierno del Estado de Michoacán",16,"Michoacán de Ocampo",53,"Morelia",1,"Morelia","Fray Juan de San Miguel 129 esq. Humboldt","Centro","58000","","","casart@michoacan.gob.mx; rafael.paz@michoacan.gob.mx",-101.18878,19.70136,"http://sic.gob.mx/ficha.php?table=casa_artesania&table_id=7","2017-03-21 12:44:45-06"
128,"Comercializadora Artesanal de Quiroga","Privada",16,"Michoacán de Ocampo",73,"Quiroga",1,"Quiroga","Vasco de Quiroga 150","Centro","58420","","","maxico1987@hotmail.com",-101.52479,19.66148,"http://sic.gob.mx/ficha.php?table=casa_artesania&table_id=128","2017-03-03 07:54:36-06"
25,"Tienda del Artesano Morelense","Instituto de Cultura de Morelos",17,"Morelos",7,"Cuernavaca",1,"Cuernavaca","Av. Morelos 271","Centro","62000","","","martha_lopez@institutodeculturademorelos.gob.mx; ortegmontan@hotmail.com",-99.23794,18.92096,"http://sic.gob.mx/ficha.php?table=casa_artesania&table_id=25","2011-12-20 11:29:42-06"
223,"Tienda de artesanías Tateima","DIF Estatal/Coordinación de Fomento a las Artesanías",18,"Nayarit",17,"Tepic",1,"Tepic","Av. México s/n ","Centro","63000","","","artesanias_difnay@hotmail.com",-104.89336,21.50758,"http://sic.gob.mx/ficha.php?table=casa_artesania&table_id=223","2015-02-23 10:10:56-06"
91,"Plaza comercial y cultura de las etnias","Artesanos de las Etnias, A.C.",20,"Oaxaca",67,"Oaxaca de Juárez",1,"Oaxaca de Juárez","García Vigil 304","Centro","68000","","","plazalasetnias@hotmail.com.cordova",-96.72,17.06778,"http://sic.gob.mx/ficha.php?table=casa_artesania&table_id=91","2018-05-30 12:14:11-05"
42,"Casa de Artesanías del Instituto Oaxaqueño de las Artesanías","Gobierno del Estado de Oaxaca/Instituto Oaxaqueño de las Artesanías",20,"Oaxaca",67,"Oaxaca de Juárez",1,"Oaxaca de Juárez","García Vigil 809","Centro","68000","","","ioa@e-oaxaca.gob.mx",-96.72755,17.0832,"http://sic.gob.mx/ficha.php?table=casa_artesania&table_id=42","2018-05-29 14:39:01-05"
87,"Casa de las Artesanías de Oaxaca","Maestros Oaxaqueños del Arte Popular, A.C.",20,"Oaxaca",67,"Oaxaca de Juárez",1,"Oaxaca de Juárez","Matamoros 105","Centro","68000","","","inforarte@casadelasartesanias.com.mx",-96.71228,17.07844,"http://sic.gob.mx/ficha.php?table=casa_artesania&table_id=87","2018-05-29 12:47:15-05"
86,"Mujeres Artesanas de las Regiones de Oaxaca","María Aurora Martínez Ríos",20,"Oaxaca",67,"Oaxaca de Juárez",1,"Oaxaca de Juárez","Calle 5 de mayo 204","Centro","6800","","","mujeres_artesanas@yahoo.com.mx",-96.7085,17.07615,"http://sic.gob.mx/ficha.php?table=casa_artesania&table_id=86","2018-05-30 10:58:56-05"
88,"Mercado de Artesanías de Oaxaca","Ayuntamiento del Estado de Oaxaca",20,"Oaxaca",67,"Oaxaca de Juárez",1,"Oaxaca de Juárez","J. P. García s/n esq. Zararagoza","Centro","68000","","","",-96.7224,17.07024,"http://sic.gob.mx/ficha.php?table=casa_artesania&table_id=88","2018-05-30 10:42:06-05"
121,"Casa de Artesanías Maprotierra","Maestros Oaxaqueños del Arte Popular, A.C.",20,"Oaxaca",67,"Oaxaca de Juárez",1,"Oaxaca de Juárez","Matamoros 105-A","Centro","68000","","","maestros@casadelasartesanias.com.mx",-96.71674,17.09091,"http://sic.gob.mx/ficha.php?table=casa_artesania&table_id=121","2018-05-28 13:17:20-05"
90,"Productos Típicos Mexicanos","María del Carmen Ruiz Villegas",20,"Oaxaca",67,"Oaxaca de Juárez",1,"Oaxaca de Juárez","Av. Belisario Dominguez 602","Col. Reforma","68050","","","",-96.72446,17.08911,"http://sic.gob.mx/ficha.php?table=casa_artesania&table_id=90","2018-05-30 12:27:51-05"
206,"Casa del Artesano Senen Mexic (Acatlán de Osorio)","Asociación de Artesanos, A.C.",20,"Oaxaca",67,"Oaxaca de Juárez",1,"Oaxaca de Juárez","Av. Juárez  8","Centro","74949","","","",-96.72528,17.05999,"http://sic.gob.mx/ficha.php?table=casa_artesania&table_id=206","2021-04-10 10:13:39-05"
245,"FÁBRICA DE VIDRIO LA LUZ","",21,"Puebla",0,"",0,"","3 Ote, 1018 ","Analco ","72000","","","fabrica_laluz@hotmail.com.mx",-98.19215,19.04045,"http://sic.gob.mx/ficha.php?table=casa_artesania&table_id=245","2018-08-14 06:55:19-05"
247,"Talavera Celia","Consejo Regulador de la Talavera",21,"Puebla",0,"",0,"","Manzano 10","Arboledas de Guadalupe ","72260","","","taller@tiendatalaveracelia.com.mx",-98.17699,19.05651,"http://sic.gob.mx/ficha.php?table=casa_artesania&table_id=247","2018-08-14 07:39:49-05"
251,"Talavera de la Luz","Talavera de La Luz, S.A ",21,"Puebla",0,"",0,"","Juan de Palafox y Mendoza 1413","Centro Historico","72000","","","contacto@talaveradelaluz.com.mx",-98.18964,19.03974,"http://sic.gob.mx/ficha.php?table=casa_artesania&table_id=251","2018-08-14 08:29:30-05"
248,"TALAVERA ARMANDO","CONSEJO REGULADOR DE LA TALAVERA",21,"Puebla",0,"",0,"","6 Nte. 402","Centro","72000","","","armando@prodigy.com.mx",-98.19802,19.04373,"http://sic.gob.mx/ficha.php?table=casa_artesania&table_id=248","2018-08-14 07:15:46-05"
225,"Casa del Artesano Acatlán","Exposición, evento y fabricación de artesanías de barro",21,"Puebla",3,"Acatlán",1,"Acatlán de Osorio","Av. Juárez","Centro","74949","","","",-98.04844,18.20192,"http://sic.gob.mx/ficha.php?table=casa_artesania&table_id=225","2019-04-18 20:07:19-05"
269,"Herrería artesanal para cabalgadura<br> Carlos Rodríguez","Particular",21,"Puebla",15,"Amozoc",1,"Amozoc de Mota","3 Norte 409","Barrio de San Miguel","72980","","","",-98.04472,19.04461,"http://sic.gob.mx/ficha.php?table=casa_artesania&table_id=269","2019-07-26 05:14:00-05"
276,"Alfarería","",21,"Puebla",16,"Aquixtla",15,"El Terrero","","","73620","","","",-97.95333,19.78684,"http://sic.gob.mx/ficha.php?table=casa_artesania&table_id=276","2021-02-02 15:05:21-06"
272," Barro cocido <br> Eligia Luna Genis","Taller individual ",21,"Puebla",33,"Cohuecan",1,"Cohuecan","Josefa Ortíz de Dominguez ","Barrio de San Miguel ","74520","","","ELIGIAINICIAL@GMAIL.COM ",-98.72028,18.78321,"http://sic.gob.mx/ficha.php?table=casa_artesania&table_id=272","2019-07-28 17:19:32-05"
264,"Esféras artesanales de vidrio soplado<br> Chignahuapan, Puebla.","Particular",21,"Puebla",53,"Chignahuapan",1,"Ciudad de Chignahuapan","Plaza de la Constitución s/n","Centro","73300","","","",-98.03083,19.83822,"http://sic.gob.mx/ficha.php?table=casa_artesania&table_id=264","2019-07-23 08:56:54-05"
238,"Casa Cruz","",21,"Puebla",109,"Pahuatlán",1,"Ciudad de Pahuatlán de Valle","Calle Portal Zaragoza N°3","centro","73100","","","",-98.15052,20.27589,"http://sic.gob.mx/ficha.php?table=casa_artesania&table_id=238","2019-04-18 20:08:51-05"
240,"Sombrereria Pérez","",21,"Puebla",109,"Pahuatlán",1,"Ciudad de Pahuatlán de Valle","5 de Mayo 2","centro","73100","","","",-98.15011,20.27646,"http://sic.gob.mx/ficha.php?table=casa_artesania&table_id=240","2019-04-18 20:11:38-05"
237,"La Serrana","",21,"Puebla",109,"Pahuatlán",1,"Ciudad de Pahuatlán de Valle","Calle 5 de Mayo  2","Centro","73100","","","",-98.15011,20.27646,"http://sic.gob.mx/ficha.php?table=casa_artesania&table_id=237","2019-04-18 20:10:24-05"
239,"Casa León","",21,"Puebla",109,"Pahuatlán",1,"Ciudad de Pahuatlán de Valle","Calle 5 de Mayo 3","Centro","73100","","","",-98.15011,20.27646,"http://sic.gob.mx/ficha.php?table=casa_artesania&table_id=239","2019-04-18 20:09:36-05"
241,"Huarachería Jimenez","",21,"Puebla",109,"Pahuatlán",1,"Ciudad de Pahuatlán de Valle","2 de abril s/n","Centro","73100","","","",-98.15099,20.2758,"http://sic.gob.mx/ficha.php?table=casa_artesania&table_id=241","2019-04-18 20:09:44-05"
242,"Xochiquetzal","",21,"Puebla",109,"Pahuatlán",1,"Ciudad de Pahuatlán de Valle","2 de abril s/n","Centro","73100","","","xochiquetzalpahuatlan@outlook.com",-98.15011,20.27646,"http://sic.gob.mx/ficha.php?table=casa_artesania&table_id=242","2019-04-18 20:11:46-05"
161,"Casa de artesanías Cihuamet","Cihuamet, A.C.",21,"Puebla",114,"Puebla",1,"Heroica Puebla de Zaragoza","Juan de Palafox y Mendoza 206","Centro Histórico","72000","","","",-98.19714,19.0437,"http://sic.gob.mx/ficha.php?table=casa_artesania&table_id=161","2019-04-18 20:11:50-05"
146,"Casa de Talavera Celia","Casa Celia Talavera Poblana",21,"Puebla",114,"Puebla",1,"Heroica Puebla de Zaragoza","Calle 5 Ote. 608","Centro Histórico","72000","","","taller@talaberacelia.com; irvinggc@prodigy.net.mx",-98.19722,19.04399,"http://sic.gob.mx/ficha.php?table=casa_artesania&table_id=146","2021-07-21 04:32:03-05"
151,"Casa de Artesanías Uriarte Talavera, Sucursal Puebla","Arte en Talavera Casas y Uriarte, S.A. de C.V.",21,"Puebla",114,"Puebla",1,"Heroica Puebla de Zaragoza","4 Pte. 911","Centro Histórico","72000","","","contacto@uriartetalavera.com.mx ",-98.20484,19.04955,"http://sic.gob.mx/ficha.php?table=casa_artesania&table_id=151","2019-04-18 20:11:53-05"
149,"Casa de Artesanías Talavera Santa Catarina","María Enriqueta Gamboa Cerdán",21,"Puebla",119,"San Andrés Cholula",1,"San Andrés Cholula","Prol. 14 Ote. 1402","San Juan Aquiahuac","72810","","","capasso@prodygi.net.mx",-98.28761,19.05283,"http://sic.gob.mx/ficha.php?table=casa_artesania&table_id=149","2019-04-19 07:51:21-05"
200,"La Pirámide","Privada",21,"Puebla",140,"San Pedro Cholula",1,"Cholula de Rivadavia","Av. Morelos  416","Centro ","72760","","","jmltz@hotmail.com",-98.33479,19.04812,"http://sic.gob.mx/ficha.php?table=casa_artesania&table_id=200","2019-04-19 07:56:07-05"
226,"Kavan","Privado",21,"Puebla",140,"San Pedro Cholula",1,"Cholula de Rivadavia","Av. Morelos 407-B","Centro","72760","","","",-98.31432,19.03035,"http://sic.gob.mx/ficha.php?table=casa_artesania&table_id=226","2019-04-19 07:54:22-05"
227,"Xelhua","Privado",21,"Puebla",140,"San Pedro Cholula",1,"Cholula de Rivadavia","Av. Morelos 415","Centro","72760","","","",-98.31432,19.03035,"http://sic.gob.mx/ficha.php?table=casa_artesania&table_id=227","2019-04-19 07:56:14-05"
258,"Papel Picado Campechanos","",21,"Puebla",144,"San Salvador Huixcolotla",1,"San Salvador Huixcolotla","Av. 16 de Septiembre Nte. 518","Barrio San Martin","75440","","","",-97.77181,18.91744,"http://sic.gob.mx/ficha.php?table=casa_artesania&table_id=258","2019-04-19 08:28:10-05"
255,"Papel Picado Artevic","",21,"Puebla",144,"San Salvador Huixcolotla",1,"San Salvador Huixcolotla","Camino 12 de Octubre Nte.","Barrio de San Antonio","75440","","","arte-vic@hotmail.com",-97.76556,18.92111,"http://sic.gob.mx/ficha.php?table=casa_artesania&table_id=255","2019-04-19 08:28:07-05"
259,"Papel Picado a la Mexicana","",21,"Puebla",144,"San Salvador Huixcolotla",1,"San Salvador Huixcolotla","Av. Zaragoza s/n","Barrio la Candelaria","75440","","","",-97.76864,18.92304,"http://sic.gob.mx/ficha.php?table=casa_artesania&table_id=259","2019-04-19 07:57:25-05"
254,"Papel Picado ARTEMEX","",21,"Puebla",144,"San Salvador Huixcolotla",1,"San Salvador Huixcolotla","Av. 16 de Septiembre Nte. 406","Barrio de San Antonio","75440","","","",-97.76852,18.92293,"http://sic.gob.mx/ficha.php?table=casa_artesania&table_id=254","2019-04-19 07:57:43-05"
253,"Piñatas Rey David","",21,"Puebla",144,"San Salvador Huixcolotla",1,"San Salvador Huixcolotla","Francisco Javier Mina 10","Barrio de San Antonio","75440","","","",-97.76694,18.92169,"http://sic.gob.mx/ficha.php?table=casa_artesania&table_id=253","2019-04-19 08:28:18-05"
256,"DECORAMEC Papel Picado","",21,"Puebla",144,"San Salvador Huixcolotla",1,"San Salvador Huixcolotla","Av. 5 de Mayo Sur 130","Barrio de San Antonio","75440","","","decoramec@hotmail.com",-97.76814,18.92073,"http://sic.gob.mx/ficha.php?table=casa_artesania&table_id=256","2019-04-19 07:57:10-05"
252,"Centro Artesanal Huixco","",21,"Puebla",144,"San Salvador Huixcolotla",1,"San Salvador Huixcolotla","Av. Zaragoza 23","Barrio San Martin","75440","","","diana_vivanco@hotmail.com",-97.77166,18.91882,"http://sic.gob.mx/ficha.php?table=casa_artesania&table_id=252","2019-04-19 07:56:32-05"
257,"Papel Picado Patiño","",21,"Puebla",144,"San Salvador Huixcolotla",1,"San Salvador Huixcolotla","Av. 5 de Mayo Sur 104 ","Barrio de San Antonio","75440","","","arteydecoracionpatino@hotmail.com",-97.76856,18.92006,"http://sic.gob.mx/ficha.php?table=casa_artesania&table_id=257","2019-04-19 08:28:14-05"
270,"Artesanía en Ónix<br> Tecali de Herrera","H. Ayuntamiento",21,"Puebla",153,"Tecali de Herrera",1,"Tecali de Herrera","Avenida Rafaél Cortés Oriente 7","Centro","75240","","","",-97.96889,18.90103,"http://sic.gob.mx/ficha.php?table=casa_artesania&table_id=270","2019-07-25 13:02:45-05"
136,"Tienda de Artesanías IAIP<br>Sucursal Tehuacán","Gobierno del Estado de Puebla/Instituto de Artesanías e Industrias Populares del Estado de Puebla",21,"Puebla",156,"Tehuacán",1,"Tehuacán","Centro Comercial El Paseo<br>Calz. Adolfo López Mateos 3800 local 5","San Lorenzo Teotipilco","75855","","","iaip@puebla.gob.mx",0,0,"http://sic.gob.mx/ficha.php?table=casa_artesania&table_id=136","2019-04-19 08:28:23-05"
266,"Bordados tradicionales<br>Guadalupe Reyes Fosado","Particular",21,"Puebla",162,"Tepango de Rodríguez",1,"Tepango de Rodríguez","Av. 13 de junio 71","4a Sección ","73370","","","",-97.79611,20.00281,"http://sic.gob.mx/ficha.php?table=casa_artesania&table_id=266","2019-07-22 10:35:25-05"
267,"Joyería artesanal orgánica<br> Marcelo Mateo González ","Particular",21,"Puebla",162,"Tepango de Rodríguez",1,"Tepango de Rodríguez","Ignacio Zaragoza s/n","2a Sección ","73370","","","",-97.79611,20.00281,"http://sic.gob.mx/ficha.php?table=casa_artesania&table_id=267","2019-07-22 10:46:43-05"
260,"Jorongos Leo Salvador Marín ","particular",21,"Puebla",162,"Tepango de Rodríguez",1,"Tepango de Rodríguez","5 de mayo 86","2da sección ","73370","","","",-97.79611,20.00281,"http://sic.gob.mx/ficha.php?table=casa_artesania&table_id=260","2019-07-28 16:47:52-05"
263,"Bordados tradicionales<br> Micaela María Pérez Marín ","Particular",21,"Puebla",162,"Tepango de Rodríguez",1,"Tepango de Rodríguez","13 de junio núm. 31","2da Sección","73370","","","",-97.79611,20.00281,"http://sic.gob.mx/ficha.php?table=casa_artesania&table_id=263","2019-07-26 05:23:48-05"
261,"Confección de vestuario para danzantes <br> María Isabel Márquez Rosales ","particular",21,"Puebla",162,"Tepango de Rodríguez",1,"Tepango de Rodríguez","Camino a Tonalixco s/n","4ta Sección ","73370","","","",-97.79611,20.00281,"http://sic.gob.mx/ficha.php?table=casa_artesania&table_id=261","2019-07-03 08:23:51-05"
274,"Tejidos y bordados<br> María González Peña ","Particular",21,"Puebla",162,"Tepango de Rodríguez",1,"Tepango de Rodríguez","Ignacio Zaragoza s/n","2a Sección ","73370","","","",-97.79611,20.00281,"http://sic.gob.mx/ficha.php?table=casa_artesania&table_id=274","2019-07-29 17:03:49-05"
268,"Bordado tradicional <br>María Teresa Francisco Pérez ","Particular",21,"Puebla",162,"Tepango de Rodríguez",1,"Tepango de Rodríguez","Camino a los potreros s/n","2a Sección ","73370","","","",-97.79611,20.00281,"http://sic.gob.mx/ficha.php?table=casa_artesania&table_id=268","2019-07-22 10:54:05-05"
265,"Artemali Ocoxal","Asociación de Artesanos, A.C.",21,"Puebla",163,"Tepatlaxco de Hidalgo",1,"Tepatlaxco de Hidalgo","3 Sur 519","","75100","","","artemali.ocoxal@gmail.com",-97.96639,19.0773,"http://sic.gob.mx/ficha.php?table=casa_artesania&table_id=265","2019-07-18 08:34:30-05"
234,"Villa Garabatos","Privada",21,"Puebla",197,"Xicotepec",1,"Xicotepec de Juárez","Av. 2 de Abril 173","Centro","73080","","","lau.villagarabatos@hotmail.com",-97.95853,20.26985,"http://sic.gob.mx/ficha.php?table=casa_artesania&table_id=234","2019-04-19 08:28:33-05"
236,"Arte - Madera","Particular",21,"Puebla",197,"Xicotepec",1,"Xicotepec de Juárez","Blvd. Benito Juarez Norte 246","5 de Mayo","73080","","","Arte_madera17@hotmail.com",-97.96476,20.27354,"http://sic.gob.mx/ficha.php?table=casa_artesania&table_id=236","2019-04-19 08:28:27-05"
235,"Ma-Xicotl ","Privado",21,"Puebla",197,"Xicotepec",1,"Xicotepec de Juárez","Vicente Suaréz","Centro","73080","","","nilorivera@hotmail.com",-97.95947,20.27982,"http://sic.gob.mx/ficha.php?table=casa_artesania&table_id=235","2019-04-19 08:28:30-05"
211,"Telar Rústico Valerio","",21,"Puebla",207,"Zacapoaxtla",1,"Zacapoaxtla","Abraham Sosa Núm 21","Centro ","73680","","","",-97.58734,19.87867,"http://sic.gob.mx/ficha.php?table=casa_artesania&table_id=211","2019-04-19 08:28:39-05"
229,"Tienda de máscaras ","Colección Persona Física",22,"Querétaro",14,"Querétaro",1,"Santiago de Querétaro","Catalina 418-C","Col. Ex Hacienda el Tintero","76134","","","holverajuarez1@hotmail.com",-100.43557,20.60667,"http://sic.gob.mx/ficha.php?table=casa_artesania&table_id=229","2017-03-29 07:37:37-06"
27,"Casa Queretana de Artesanías","Gobierno del Estado de Querétaro/Secretaría de Desarrollo Sustentable",22,"Querétaro",14,"Querétaro",1,"Santiago de Querétaro","And. Libertad 52","Centro Histórico","76000","","","hola@artesanias.queretaro.mx",-100.39001,20.59253,"http://sic.gob.mx/ficha.php?table=casa_artesania&table_id=27","2017-03-29 07:42:03-06"
215,"Casa de Artesanías","Secretaría de Desarrollo Económico",23,"Quintana Roo",4,"Othón P. Blanco",1,"Chetumal","Camelias 264 A","Col. David Gutiérrez Ruiz","77013","","","artesaniasquintanaroo@hotmail.com",0,0,"http://sic.gob.mx/ficha.php?table=casa_artesania&table_id=215","2015-02-09 14:00:23-06"
5,"Artesanías Don Juan","Juan Martínez García",24,"San Luis Potosí",3,"Aquismón",1,"Aquismón","Francisco Javier Mina 507","Centro","79760","","","",-99.01979,21.62157,"http://sic.gob.mx/ficha.php?table=casa_artesania&table_id=5","2019-11-05 05:12:07-06"
16,"Tenek They Xe´est","",24,"San Luis Potosí",3,"Aquismón",1,"Aquismón","Juárez 518","Centro","79060","","","",-99.02119,21.62309,"http://sic.gob.mx/ficha.php?table=casa_artesania&table_id=16","2019-11-05 06:08:21-06"
15,"La Campana","",24,"San Luis Potosí",3,"Aquismón",1,"Aquismón","Damián Carmona esq. Juárez","Centro","79000","","","",-99.01978,21.62116,"http://sic.gob.mx/ficha.php?table=casa_artesania&table_id=15","2019-11-05 05:44:52-06"
122,"Artesanías El Tipi","Mercedes Martha Aquino Sánchez",24,"San Luis Potosí",6,"Catorce",1,"Real de Catorce","Zapata 1 B","Plaza Hidalgo","78550","","","",-100.88785,23.68989,"http://sic.gob.mx/ficha.php?table=casa_artesania&table_id=122","2019-11-08 04:33:56-06"
1,"Catorce Artesanías Metzeri","Particular",24,"San Luis Potosí",6,"Catorce",1,"Real de Catorce","Lanzagorta 17","Centro","78550","","","anita_garcía@correo.unam.mx",-100.88681,23.68981,"http://sic.gob.mx/ficha.php?table=casa_artesania&table_id=1","2019-11-08 04:40:27-06"
126,"Artesanías Pueblo Viejo","Juan Manuel del Monte Arellano",24,"San Luis Potosí",6,"Catorce",1,"Real de Catorce","Zaragoza s/n","Centro","58550","","","",-100.88811,23.69072,"http://sic.gob.mx/ficha.php?table=casa_artesania&table_id=126","2019-11-08 04:37:38-06"
19,"La Catorceña Artesanias","María Sánchez Hernández",24,"San Luis Potosí",6,"Catorce",1,"Real de Catorce","Lanzagorta 27","Centro","78550","","","",-100.88596,23.68987,"http://sic.gob.mx/ficha.php?table=casa_artesania&table_id=19","2019-11-06 04:34:25-06"
3,"El Corazón del Desierto","",24,"San Luis Potosí",6,"Catorce",1,"Real de Catorce","Zaragoza 9","Centro","78550","","","",-100.88776,23.69017,"http://sic.gob.mx/ficha.php?table=casa_artesania&table_id=3","2019-11-06 04:33:36-06"
4,"Regalo de Dios","",24,"San Luis Potosí",6,"Catorce",1,"Real de Catorce","Hidalgo Oriente 20","Centro","78550","","","",-100.88699,23.69007,"http://sic.gob.mx/ficha.php?table=casa_artesania&table_id=4","2019-11-08 05:02:58-06"
18,"Bazar El Gitano","Privada",24,"San Luis Potosí",6,"Catorce",1,"Real de Catorce","Lanzagorta 17-B","Centro","78550","","","",-100.88632,23.69034,"http://sic.gob.mx/ficha.php?table=casa_artesania&table_id=18","2019-11-05 07:23:52-06"
17,"Artesanías La Luna Platería","Humberto Fernández Tristán",24,"San Luis Potosí",6,"Catorce",1,"Real de Catorce","Zaragoza esq. con Lanzagorta s/n","Centro","78550","","","reservaciones@hotelelreal.com",-100.88789,23.69006,"http://sic.gob.mx/ficha.php?table=casa_artesania&table_id=17","2019-11-08 04:35:38-06"
78,"Taller de Platería","Privada",24,"San Luis Potosí",9,"Cerro de San Pedro",1,"Cerro de San Pedro","Benito Juárez","Centro","78440","","","",-100.80078,22.21563,"http://sic.gob.mx/ficha.php?table=casa_artesania&table_id=78","2019-11-06 06:16:55-06"
77,"Museo de Rocas, Minerales y Artesanías","Privada",24,"San Luis Potosí",9,"Cerro de San Pedro",1,"Cerro de San Pedro","Juárez 20","Centro","78440","","","",-100.80053,22.21705,"http://sic.gob.mx/ficha.php?table=casa_artesania&table_id=77","2019-11-06 06:05:38-06"
14,"Casa de Artesanía Caich A.C.","El Caich, A.C.",24,"San Luis Potosí",18,"Huehuetlán",2,"Chununtzén Uno","Carr. México-Laredo Km. 314","","79893","","","caichac@hotmail.com",-98.97956,21.4893,"http://sic.gob.mx/ficha.php?table=casa_artesania&table_id=14","2019-11-06 07:56:58-06"
194,"Tienda FONART SLP","Fondo Nacional para el Fomento de las Artesanías",24,"San Luis Potosí",28,"San Luis Potosí",1,"San Luis Potosí","Aldama 300","Centro Histórico","78000","","","tda_slp@fonart.gob.mx",0,0,"http://sic.gob.mx/ficha.php?table=casa_artesania&table_id=194","2019-11-07 06:39:24-06"
197,"Venta de Indumentaria Típica","Privada",24,"San Luis Potosí",28,"San Luis Potosí",1,"San Luis Potosí","Escobedo 420-B","Zona Centro","78000","","","",-100.97457,22.15182,"http://sic.gob.mx/ficha.php?table=casa_artesania&table_id=197","2019-11-07 07:15:18-06"
191,"Artesanías Equinoccio","Privada",24,"San Luis Potosí",28,"San Luis Potosí",1,"San Luis Potosí","Aldama 410","Zona Centro ","78000","","","",-100.97723,22.15014,"http://sic.gob.mx/ficha.php?table=casa_artesania&table_id=191","2019-11-06 08:56:18-06"
65,"Rebozos y Artesanías de Santa María del Río","Privada",24,"San Luis Potosí",28,"San Luis Potosí",1,"San Luis Potosí","Escobedo 305-4<br>Plaza del Carmen","Zona Centro","78000","","","",-100.97462,22.15103,"http://sic.gob.mx/ficha.php?table=casa_artesania&table_id=65","2019-11-07 07:07:46-06"
189,"Acuarela Potosina","Privada",24,"San Luis Potosí",28,"San Luis Potosí",1,"San Luis Potosí","Álvaro Obregón 636","Zona Centro","78000","","","",-100.98074,22.15194,"http://sic.gob.mx/ficha.php?table=casa_artesania&table_id=189","2019-11-06 08:11:07-06"
123,"Artesanías Las Sevillanas de San Luis Potosí","Sonia Rodríguez Castillo",24,"San Luis Potosí",28,"San Luis Potosí",1,"San Luis Potosí","Av. Nicolás Zapata 305","Col. Tequisquiapan","78232","","","sevillana_slp@hotmail.com",-100.98578,22.15411,"http://sic.gob.mx/ficha.php?table=casa_artesania&table_id=123","2019-11-06 08:56:59-06"
124,"Artesanías del Carmen","Humberto Morones Calderón",24,"San Luis Potosí",28,"San Luis Potosí",1,"San Luis Potosí","Escobedo 305","Centro Histórico","78000","","","memomorones@hotmail.com",-100.97461,22.15111,"http://sic.gob.mx/ficha.php?table=casa_artesania&table_id=124","2019-11-07 05:20:08-06"
81,"Casa del Artesano","Gobierno del Estado de San Luis Potosí/Secretaría de Desarrollo Económico",24,"San Luis Potosí",28,"San Luis Potosí",1,"San Luis Potosí","Jardín Colón 23 ","Centro","78000","","","artesanluis@slp.gob.mx; info@elrebozo.gob.mx",-100.97509,22.14648,"http://sic.gob.mx/ficha.php?table=casa_artesania&table_id=81","2019-11-07 05:35:16-06"
125,"Artesanías Rosa Mexicano","Humberto Morones Calderón",24,"San Luis Potosí",28,"San Luis Potosí",1,"San Luis Potosí","Escobedo 305 ","Zona Centro","78000","","","",-100.97454,22.15108,"http://sic.gob.mx/ficha.php?table=casa_artesania&table_id=125","2019-11-07 05:28:04-06"
127,"Taller Escuela de Rebocería","Asociación de Reboceros, A.C.",24,"San Luis Potosí",32,"Santa María del Río",1,"Santa María del Río","Melchor Ocampo 465 esq. Porfirio Díaz","Centro","79560","","","",-100.73729,21.79912,"http://sic.gob.mx/ficha.php?table=casa_artesania&table_id=127","2019-11-07 07:42:01-06"
142,"Escuela del Rebozo","Gobierno del Estado de San Luis Potosí/Secretaría de Desarrollo Económico",24,"San Luis Potosí",32,"Santa María del Río",1,"Santa María del Río","Pascual M. Hernández 85","Centro","79560","","","artesanluis@slp.gob.mx",-100.73644,21.80083,"http://sic.gob.mx/ficha.php?table=casa_artesania&table_id=142","2019-11-07 07:27:28-06"
10,"Xilitla Shop","María de la Luz Vázquez Ramiro",24,"San Luis Potosí",54,"Xilitla",1,"Xilitla","Miguel Álvarez Acosta 119","Centro","79900","","","pameamano@yahoo.com.mx",-98.99152,21.3858,"http://sic.gob.mx/ficha.php?table=casa_artesania&table_id=10","2019-11-07 08:03:00-06"
96,"Casa de los Tesoros","Magda Balderrama Álvarez",26,"Sonora",3,"Alamos",1,"Alamos","Obregón 10","Centro","85760","","","",0,0,"http://sic.gob.mx/ficha.php?table=casa_artesania&table_id=96","2009-04-20 13:38:16-05"
100,"Curiosidades y Artesanias Álamos","Romelia Cruz Tabares",26,"Sonora",3,"Alamos",1,"Alamos","Juárez  3 esq. Madero","Centro","85760","","","",0,0,"http://sic.gob.mx/ficha.php?table=casa_artesania&table_id=100","2009-05-12 08:59:00-05"
103,"Mercado de Artesanías","Gobierno del Estado de Sonora",26,"Sonora",3,"Alamos",1,"Alamos","Carr. Álamos-Navojoa Km. 51","","85760","","","",0,0,"http://sic.gob.mx/ficha.php?table=casa_artesania&table_id=103","2009-05-12 09:27:26-05"
97,"La Uvalama Artesanías de barro","Enrique Salazar Rodríguez",26,"Sonora",3,"Alamos",1,"Alamos","Obregón 12 esq. Profr. Alberto Gutiérrez","Centro","65760","","","",0,0,"http://sic.gob.mx/ficha.php?table=casa_artesania&table_id=97","2009-06-11 15:49:24-05"
98,"Curiosidades y regalos Lydia","Lydia Palomares Esquer",26,"Sonora",3,"Alamos",1,"Alamos","Morelos 1","Centro","85760","","","",0,0,"http://sic.gob.mx/ficha.php?table=casa_artesania&table_id=98","2021-04-29 11:12:50-05"
102,"Casa de Artesanías El Nicho","Ana Lilia Valdez Zayas",26,"Sonora",3,"Alamos",1,"Alamos","Juárez 15","Centro","85760","","","elnichoartesanias@hotmail.com",-108.93525,27.02179,"http://sic.gob.mx/ficha.php?table=casa_artesania&table_id=102","2021-08-02 08:17:54-05"
93,"Casa de Artesanías de la Cooperativa Mujeres Unidas de La Aduana","Cooperativa Mujeres Unidas de La Aduana, A.C.",26,"Sonora",3,"Alamos",2,"La Aduana","Domicilio conocido, junto a la iglesia","Centro","85762","","","",0,0,"http://sic.gob.mx/ficha.php?table=casa_artesania&table_id=93","2013-05-08 16:50:00-05"
138,"Cooperativa La Placita","Balvanera Núñez Castillo",26,"Sonora",3,"Alamos",2,"La Aduana","Domicilio conocido. La plaza","La aduana, Centro","85762","","","",0,0,"http://sic.gob.mx/ficha.php?table=casa_artesania&table_id=138","2021-07-07 10:38:03-05"
107,"La casa de cobre","Miguel Portillo Gardner",26,"Sonora",19,"Cananea",1,"Heroica Ciudad de Cananea","3ra. Este 71 entre Av. Juárez y Av. Sonora ","Col. Los Pinos","84620","","","mickyportillo@hotmail.com",0,0,"http://sic.gob.mx/ficha.php?table=casa_artesania&table_id=107","2009-05-13 11:45:50-05"
140,"Perlas del Mar de Cortés","Perlas Únicas, S.A. de C.V.",26,"Sonora",29,"Guaymas",1,"Heroica Guaymas","Bahía de Bacochibampo s/n","Fracc. Lomas de Cortés","85450","","","info@perlas.com.mx",0,0,"http://sic.gob.mx/ficha.php?table=casa_artesania&table_id=140","2009-06-11 15:53:30-05"
188,"Tienda de artesanías MUSAS, Museo de Arte de Sonora","Gobierno del Estado de Sonora",26,"Sonora",30,"Hermosillo",1,"Hermosillo","Blvd. Vildósola s/n esq. Av Cultura","Col. Villa de Seris","83280","","","rmatiella@musas.gob.mx",-110.95428,29.06547,"http://sic.gob.mx/ficha.php?table=casa_artesania&table_id=188","2015-02-11 12:53:30-06"
104,"Lynda´s store","Leonel García",26,"Sonora",30,"Hermosillo",1,"Hermosillo","Serdán 111 esq. Rosales","Centro","83000","","","leonel_311@hotmail.com",0,0,"http://sic.gob.mx/ficha.php?table=casa_artesania&table_id=104","2009-05-12 11:15:46-05"
141,"Sonora Querida","Diego Navarro",26,"Sonora",30,"Hermosillo",1,"Hermosillo","Ignacio Mariscal 18-A entre Blvd. Morelos y Blvd. Gómez Farías","Col. Constitución","83150","","","",0,0,"http://sic.gob.mx/ficha.php?table=casa_artesania&table_id=141","2009-06-11 15:55:37-05"
106,"Artesanías Lutisuc Asociación Cultural","Lutisuc Asociación Cultural  I.A.P., A.C.",26,"Sonora",30,"Hermosillo",1,"Hermosillo","Av. de Anza 900","Col. Pitic","83150","","","lutisuc@asociacion.uson.mx",0,0,"http://sic.gob.mx/ficha.php?table=casa_artesania&table_id=106","2021-08-05 06:30:26-05"
110,"Portal del Arte","Privada",26,"Sonora",36,"Magdalena",1,"Magdalena de Kino","Local 4 de la Plaza Monumental","Centro","","","","",0,0,"http://sic.gob.mx/ficha.php?table=casa_artesania&table_id=110","2021-04-19 05:47:34-05"
111,"Portal Tatis","Particular",26,"Sonora",36,"Magdalena",1,"Magdalena de Kino","Local 6 de la Plaza monumental","Centro","","","","",0,0,"http://sic.gob.mx/ficha.php?table=casa_artesania&table_id=111","2009-05-06 13:17:30-05"
109,"Artesanías Tusi Yari","ArtesaníasTusi Yari, S.C. de R.L. de C.V.",26,"Sonora",42,"Navojoa",79,"Masiaca","Carr. Internacional 15 Km. 113+522","Poblado Masiaca","85200","","","tusi.yari@hotmail.com<br>  ventas@tusiyari.com.mx",0,0,"http://sic.gob.mx/ficha.php?table=casa_artesania&table_id=109","2010-02-04 13:26:05-06"
112,"Maya de México","Privada",26,"Sonora",43,"Nogales",1,"Heroica Nogales","Obregón","Centro","","","","",0,0,"http://sic.gob.mx/ficha.php?table=casa_artesania&table_id=112","2008-09-19 19:13:20-05"
113,"El sol de Mayo","Privada",26,"Sonora",43,"Nogales",1,"Heroica Nogales","Obregón","Centro","","","","",0,0,"http://sic.gob.mx/ficha.php?table=casa_artesania&table_id=113","2008-09-19 19:15:26-05"
114,"México Lindo","Privada",26,"Sonora",43,"Nogales",1,"Heroica Nogales","Obregón","Centro","","","","",0,0,"http://sic.gob.mx/ficha.php?table=casa_artesania&table_id=114","2018-12-13 06:41:28-06"
95,"Artesanías Victoria´s Hormiga","Silvia Priego Herrera",26,"Sonora",48,"Puerto Peñasco",1,"Puerto Peñasco","Blvd. Benito Juarez s/n esq. 20 de noviembre","Col. El Puerto","83550","","","s_priego@yahoo.com",0,0,"http://sic.gob.mx/ficha.php?table=casa_artesania&table_id=95","2009-04-20 13:56:14-05"
94,"Mercedes Rústicos","Luis Ernesto Romero Muñoz",26,"Sonora",48,"Puerto Peñasco",1,"Puerto Peñasco","Alcantar 35","Col. Del Puerto","83550","","","",0,0,"http://sic.gob.mx/ficha.php?table=casa_artesania&table_id=94","2021-07-21 07:07:36-05"
185,"Instituto para el Fomento de las Artesanías de Tabasco","Gobierno del Estado de Tabasco",27,"Tabasco",4,"Centro",1,"Villahermosa","Prol. Paseo de la Sierra 820","Primero de Mayo","86190","","","karenpineda@tabasco.gob.mx",0,0,"http://sic.gob.mx/ficha.php?table=casa_artesania&table_id=185","2015-02-11 13:32:12-06"
48,"Artesanías de Tula","Asociación de Artesanos, A.C.",28,"Tamaulipas",39,"Tula",1,"Ciudad Tula","Hidalgo s/n esq. Zaragoza","Centro","87900","","","ruben_ram65@hotmail.com",0,0,"http://sic.gob.mx/ficha.php?table=casa_artesania&table_id=48","2017-03-29 08:03:21-06"
51,"Fideicomiso Fondo de la Casa de las Artesanías de Tlaxcala","Gobierno del Estado de Tlaxcala",29,"Tlaxcala",33,"Tlaxcala",1,"Tlaxcala de Xicohténcatl","Av. Emilio Sánchez Piedras 1","Centro","90000","","","artesanias_tlax@hotmail.com",-98.24162,19.31948,"http://sic.gob.mx/ficha.php?table=casa_artesania&table_id=51","2015-03-03 09:36:24-06"
129,"Manos Veracruzanas Sucursal Boca del Río","DIF Estatal/Coordinación de Fomento a las Artesanías",30,"Veracruz de Ignacio de la Llave",28,"Boca del Río",1,"Boca del Río","Bv. Adolfo Ruiz Cortines 3497","Ylang Ylang","94298","","","lherreraz@veracruz.gob.mx",-96.10592,19.13762,"http://sic.gob.mx/ficha.php?table=casa_artesania&table_id=129","2020-02-11 05:55:12-06"
52,"Manos Veracruzanas Sucursal Xalapa","DIF Estatal/Coordinación de Fomento a las Artesanías",30,"Veracruz de Ignacio de la Llave",87,"Xalapa",1,"Xalapa-Enríquez","Venustiano Carranza 316","Felipe Carrillo Puerto","91080","","","lherreraz@veracruz.gob.mx",-96.92109,19.51891,"http://sic.gob.mx/ficha.php?table=casa_artesania&table_id=52","2020-02-11 05:39:18-06"
9,"Casa de las Artesanías de Yucatán","Gobierno del Estado de Yucatán",31,"Yucatán",50,"Mérida",1,"Mérida","calle 63 núm. 503-A entre 64 y 66","Centro","97000","","","artes@prodigy.net.mx",-89.62679,20.96707,"http://sic.gob.mx/ficha.php?table=casa_artesania&table_id=9","2016-04-22 13:18:55-05"
131,"Artesanías Maquila Familiar","DIF",32,"Zacatecas",56,"Zacatecas",1,"Zacatecas","Juan de Tolsa 928","Centro","98000","","","",0,0,"http://sic.gob.mx/ficha.php?table=casa_artesania&table_id=131","2009-04-24 10:52:46-05"
133,"Tienda de la Mujer y Artesanía<br>Sucursal Bufa Teleférico","DIF",32,"Zacatecas",56,"Zacatecas",1,"Zacatecas","Domicilio conocido<br>Centro Turístico Bufa Teleférico","","98000","","","",0,0,"http://sic.gob.mx/ficha.php?table=casa_artesania&table_id=133","2009-04-24 12:33:16-05"
8,"Tienda de la Mujer y Artesanía<br>Casa Matriz","DIF",32,"Zacatecas",56,"Zacatecas",1,"Zacatecas","Centro Comercial González Ortega<br>Tacuba T-4 local 4","Centro","98000","","","",-102.57274,22.77523,"http://sic.gob.mx/ficha.php?table=casa_artesania&table_id=8","2010-05-21 13:25:27-05"
132,"Tienda de la Mujer y Artesanía<br>Sucursal Mesón de Jovito","DIF",32,"Zacatecas",56,"Zacatecas",1,"Zacatecas","Int. Hotel Mesón de Jovito<br>Jardín Juárez 143","Centro Histórico","98000","","","",0,0,"http://sic.gob.mx/ficha.php?table=casa_artesania&table_id=132","2009-04-24 12:29:05-05"
217,"Casa de las Artesanías de Zacatecas","Secretaría de Economía/Subsecretaría de Desarrollo Artesanal",32,"Zacatecas",56,"Zacatecas",1,"Zacatecas","Av. Hidalgo No. 503","Centro Histórico","98000","","","casadelasartesaniasdezacatecas@gmail.com",-0.00137,0.00575,"http://sic.gob.mx/ficha.php?table=casa_artesania&table_id=217","2019-08-20 06:07:35-05"
134,"Tienda de la Mujer y Artesanía, Sucursal Cerro de la Bufa","DIF",32,"Zacatecas",56,"Zacatecas",1,"Zacatecas","Domicilio conocido, Explanada Cerro de la Bufa","","98000","","","",0,0,"http://sic.gob.mx/ficha.php?table=casa_artesania&table_id=134","2021-07-22 07:08:56-05"
